question,answer
"How can I choose the right career for me?","Choosing the right career depends on your interests, skills, and long-term goals. Try career assessments, explore different fields, and seek mentorship."
"What are the top skills needed for a successful career?","Top skills include communication, problem-solving, adaptability, teamwork, and technical skills related to your industry."
"How can I improve my communication skills?","To improve communication, practice public speaking, read books, join a debate club, and engage in discussions."
"How do I gain work experience as a student?","Internships, part-time jobs, freelancing, and volunteering can help students gain work experience before entering the job market."
"What are the best ways to find a mentor?","Look for mentors in your network, join professional groups, attend networking events, and seek guidance from industry experts."
"How can I prepare for job interviews?","Research the company, practice common interview questions, improve your confidence, and be ready to explain your skills and experiences."
"What are the benefits of freelancing?","Freelancing offers flexibility, independence, skill development, and the opportunity to work on diverse projects."
"How do I stay motivated in my career?","Set clear goals, continuously learn new skills, seek mentorship, and maintain a work-life balance."
"What are the top industries with high job demand?","Technology, healthcare, renewable energy, finance, and e-commerce industries are experiencing high job demand."
"How can I start a career in Artificial Intelligence?","To enter AI, learn programming (Python), study Machine Learning, and work on AI-based projects."
"How do I balance work and personal life?","Time management, setting boundaries, and prioritizing self-care help balance work and personal life."
"What are the best career options for introverts?","Careers in writing, research, data analysis, programming, and freelancing can be ideal for introverts."
"How do I handle career stress?","Managing career stress involves exercise, meditation, time management, and seeking support from friends or professionals."
"What are the key habits of successful professionals?","Successful professionals develop habits like continuous learning, networking, discipline, and time management."
"What are some common mistakes to avoid in a career?","Avoid poor communication, lack of adaptability, not upgrading skills, and neglecting networking opportunities."
"How can I improve my leadership skills?","Improve leadership by taking initiative, learning decision-making, handling responsibility, and motivating others."
"How do I make a career switch to a different field?","Research the new field, take online courses, gain practical experience, and build a strong professional network."
"How can I grow my career quickly?","Focus on skill development, seek mentorship, take on challenging projects, and build a strong professional network."
